45254252,Chennai Express,MUMBAI CENTRAL(BCT),CHENNAI CENTRAL(MAS),13-Aug-20,14-Aug-20,Scheduled
,,,,,,
4757443,North East Express,HYDERABAD(HYB),KOLKATA(KOAA),10-Aug-20,12-Aug-20,Scheduled
,,,,,,
25436363,Coimbatore Express,DELHI(DLI),COIMBATORE Jn.(CBE),17-Aug-20,20-Aug-20,Scheduled
,,,,,,
26342773,Tirupati Express,BANGALORE CITY(SBC),TIRUPATI(TPTY),24-Aug-20,25-Aug-20,Scheduled
,,,,,,
47357535,Capital Express,BANGALORE CITY(SBC),DELHI(DLI),18-Aug-20,20-Aug-20,Scheduled
,,,,,,
34643574,Pune Express,CHENNAI CENTRAL(MAS),PUNE Jn.(PUNE),9-Aug-20,10-Aug-20,Scheduled
,,,,,,
46346353,Taj Mahal Express,AGRA FORT(AF),AHMEDABAD(ADI),12-Aug-20,13-Aug-20,Scheduled
,,,,,,
57435735,Agra Express,AGRA FORT(AF),AHMEDABAD(ADI),12-Aug-20,13-Aug-20,Scheduled
,,,,,,
4757443,North East Express,HYDERABAD(HYB),KOLKATA(KOAA),10-Aug-20,12-Aug-20,Delayed
